<?xml version="1.0" encoding="UTF-8"?>
<!DOCTYPE mapper PUBLIC "-//mybatis.org//DTD Mapper 3.0//EN" "http://mybatis.org/dtd/mybatis-3-mapper.dtd">
<mapper namespace="com.st.school.server.dao.TokenInfoDao">

    <resultMap type="com.st.school.server.entity.TokenInfo" id="TokenInfoMap">
        <result property="id" column="id" jdbcType="INTEGER"/>
        <result property="userId" column="user_id" jdbcType="INTEGER"/>
        <result property="token" column="token" jdbcType="VARCHAR"/>
        <result property="expireTime" column="expire_time" jdbcType="TIMESTAMP"/>
        <result property="createTime" column="create_time" jdbcType="TIMESTAMP"/>
    </resultMap>

    <select id="selectTheLastTokenByUserId" resultMap="TokenInfoMap">
        select * from token_info where user_id = #{userId} order by id desc limit 1
    </select>
</mapper>

