<?xml version="1.0" encoding="UTF-8"?>
<!DOCTYPE mapper PUBLIC "-//mybatis.org//DTD Mapper 3.0//EN" "http://mybatis.org/dtd/mybatis-3-mapper.dtd">
<mapper namespace="com.st.school.server.dao.UserDao">

    <resultMap type="com.st.school.server.entity.User" id="UserMap">
        <result property="id" column="id" jdbcType="INTEGER"/>
        <result property="username" column="username" jdbcType="VARCHAR"/>
        <result property="password" column="password" jdbcType="VARCHAR"/>
        <result property="userType" column="user_type" jdbcType="INTEGER"/>
        <result property="ban" column="ban" jdbcType="INTEGER"/>
        <result property="createTime" column="create_time" jdbcType="INTEGER"/>
        <result property="updateTime" column="update_time" jdbcType="TIMESTAMP"/>
    </resultMap>



</mapper>

